b3bd04e4abe2a8e2221713251a90d072a684b563e0315b7340971c5fae10a99c,NED-DBpediaSpotlight_gpt-3_5_0.5_0
1c3d6926b24b53a41da8ac1a55a086c6a91a68996b08e04770cc661b202a3c75,NED-DBpediaSpotlight_gpt-3_5_0.5_1
1506b0ed47502c6a4693c4736d017acaae894e6959c3370321a71befa8f52c4b,NED-DBpediaSpotlight_gpt-3_5_0.5_1
ad30c01547f52fb09edf3043e1dcd075bcc21142b1ba6fe0a5bff6eb748d8829,NED-DBpediaSpotlight_gpt-3_5_0.5_2
73feeffc696b22959d91073fca23eb9e665f71ce93a539deaceb780bd91121a8,NED-DBpediaSpotlight_gpt-3_5_0.5_2
018dcef4030ee0e363da8a78fcb9eff8ab2baff4a34c9112e2b0ed3f89b6f22e,NED-DBpediaSpotlight_gpt-3_5_0.5_3
82aeb5ff85a9cfe76a60fd42b52b118a313f100a388aa5a616c717f5c67da9f0,NED-DBpediaSpotlight_gpt-3_5_0.5_3
10a8bfe7e07c3364fabb90fd92de37c7576744af44ade573808726f62412fcba,NED-DBpediaSpotlight_gpt_4o_0.5_0
2a5be9f6b87352b678acf790d20472c17d44c8472616dc9605395c38caae2166,NED-DBpediaSpotlight_gpt_4o_0.5_1
163855b5e247600d954c9c4feded5fffb21eef18045bf047324c0d31cb97eb89,NED-DBpediaSpotlight_gpt_4o_0.5_1
98579ad678aa012e32ca6e44ccfae5ed4e0f89eaf72a4d1c90cf5cddd1a0b19c,NED-DBpediaSpotlight_gpt_4o_0.5_2
a7d9eee6bff81d865428a73b5460e774066edd111ca1eef9c880a096d05990ed,NED-DBpediaSpotlight_gpt_4o_0.5_2
b39d41d0f0ae21abae2768ea627db4ed5cf011352da76d17dd3e85eb858822f5,NED-DBpediaSpotlight_gpt_4o_0.5_3
ddd7c887ce50915ff503e34a672b8aa5aeda22ad2a1a1626d7891e08fb1f060f,NED-DBpediaSpotlight_gpt_4o_0.5_3
48d36d2d95b36ab0777e6c24eb0727c4bd4504254f60a58fe1a8e4f4a5052c7d,NED-DBpediaSpotlight_gpt-3_5_1.0_0
09b4c66c62ed7ca6d580b20eeb1c1d459b6816880a797a951d7d3671420f9dd0,NED-DBpediaSpotlight_gpt-3_5_1.0_1
66463c212749a48d5e461d8e4544513ced17ec5e3f3302f510b16163316110d7,NED-DBpediaSpotlight_gpt-3_5_1.0_1
a588586ca3c86d6a24d51cfc575039cac2df728ff107e7b0d5b03ed1ff4596ec,NED-DBpediaSpotlight_gpt-3_5_1.0_2
3343cf6c0723262a30b5dd2f28cb255fe0ebc2d8985b539d03f629e9638d901b,NED-DBpediaSpotlight_gpt-3_5_1.0_2
739df5ee80590396d977223a1c1ff853bae36d072f4cbcd3c293a178ca73d33c,NED-DBpediaSpotlight_gpt-3_5_1.0_3
4b1babbb99a5586d082e2f88b66071b840e5668f831629f8bf4596d45cb47b94,NED-DBpediaSpotlight_gpt-3_5_1.0_3
2cf9c384473238ffc1dd9f6e512825357a87fd749d3e74a9335aaadcfe918f2e,NED-DBpediaSpotlight_gpt_4o_1.0_0
1f996e800d3d7ad9ed041c39fc75ca852782d5aadc55effe55e81cb855b37c2b,NED-DBpediaSpotlight_gpt_4o_1.0_1
bc80a902106c92b78612edeacf470f97dac2fbfc8e0bb74fce71930b36c6669a,NED-DBpediaSpotlight_gpt_4o_1.0_1
294b2aa89465a211f86f82d357ec33a14904c31b0f149510f44f7505ad079a78,NED-DBpediaSpotlight_gpt_4o_1.0_2
25bf2925465278a077d180ea8afa1133dc318d2a382e0e66abfb4f4b52128dc0,NED-DBpediaSpotlight_gpt_4o_1.0_2
8469053f916880e9f45edaa19eb40cf8ff58d059fa3269c9732fe5020ddada2d,NED-DBpediaSpotlight_gpt_4o_1.0_3
05824edac110a92252af6a38b0f1f0d2378b2f83d0bed9ab0c75d6d1ac139654,NED-DBpediaSpotlight_gpt_4o_1.0_3
ceecff06043902bdc22c821b8a50054e4c084f2a9e59e2b2a7a455855ed0de1c,NED-DBpediaSpotlight_gpt-3_5_1.5_0
b97d51199400e719c195110ff68324498254fe8055e904baac15bd6e28e53f04,NED-DBpediaSpotlight_gpt-3_5_1.5_1
b06e5c718ca1d22c7c95010a89a07cfa8dbb2c929074d5875b471de020a2aaf9,NED-DBpediaSpotlight_gpt-3_5_1.5_1
47ca6d9f2abcbe6ddab6160dccc1592b94bc96a310425b08a66aa0373394b1b5,NED-DBpediaSpotlight_gpt-3_5_1.5_2
d0c7e50a58b7e84bfbcad635b69b52cf1368821ec96e10bbed7182355fcea6a6,NED-DBpediaSpotlight_gpt-3_5_1.5_2
34a96ae3c5386c5b22866a8ed7b3c12c4e9e17fe49c24d1b53c541ee60446dd8,NED-DBpediaSpotlight_gpt-3_5_1.5_3
ddb52cdf471bd8e5e94320d17b9d9df91651fa080750416f20c7644c0c3dadb2,NED-DBpediaSpotlight_gpt-3_5_1.5_3
9bd1ae61d4414b4ec7772fd6b3a03e9fde40c76a02c861bcc31a85a934480219,NED-DBpediaSpotlight_gpt_4o_1.25_0
89d21bfdded4176384fb8b808e36dadaf3d5dee42f3f33c8caa48e284e8c345f,NED-DBpediaSpotlight_gpt_4o_1.25_1
1744b8369af8aa8e06b2ebcaf745451fa08999d67dc896dd1a500f2042eeab73,NED-DBpediaSpotlight_gpt_4o_1.25_1
8b110daaf5befe063c1902d8e1e08566ab03157718d99218295632e0e5dd1e74,NED-DBpediaSpotlight_gpt_4o_1.25_2
9c0c475356b7d2e88d92cae7e41b634c94eaf3fb131ed553c95353692ab9bafc,NED-DBpediaSpotlight_gpt_4o_1.25_2
ef2c2f481cdcd7d895fe4ceea9431fb78ad46e9cc5c715bdae9960a4480fce19,NED-DBpediaSpotlight_gpt_4o_1.25_3
6ad8d2eb64798a04f44f5428d485a1725cad435cdff9eb78f2c798c05bd0d248,NED-DBpediaSpotlight_gpt_4o_1.25_3
650b9ca3f3ffa4c61e0f72802816f10c579f357efd30bd53f4d85fbb2ef69ee0,NED-DBpediaSpotlight_-_-_-
00491b1dc0a240f1abf09e0a273b8b3520c5ebff42f188678acab1e5aca6843d,KG2KG-TranslateAnnotationsOfInstanceToDBpediaOrWikidata_gpt-3_5_0.5_0
87cdf7e2514cbe3573314fd09a2651194ce4c75c9948673cfab24fb671817d15,KG2KG-TranslateAnnotationsOfInstanceToDBpediaOrWikidata_gpt-3_5_0.5_1
4c5d75f856274ad8eca3a60127cd8f26e63635203f0f63ecc903a521fe06ef11,KG2KG-TranslateAnnotationsOfInstanceToDBpediaOrWikidata_gpt-3_5_0.5_1
fd5a47e267ba355b274705f0c9055e2b5460dd0e256e65be86bf8d8c43e2b11b,KG2KG-TranslateAnnotationsOfInstanceToDBpediaOrWikidata_gpt-3_5_0.5_2
8cdd1901cffb9bdc356455f799647df497f72d6a51a4721a56996c65cd7aa25f,KG2KG-TranslateAnnotationsOfInstanceToDBpediaOrWikidata_gpt-3_5_0.5_2
3b533382cdc60979009e0fb634399d96503141788dcbb4e722cd65d6806571b0,KG2KG-TranslateAnnotationsOfInstanceToDBpediaOrWikidata_gpt-3_5_0.5_3
b0e5df1882bd8402fbc54c454efb2c34757309a747d9bce6aecb08833827cccc,KG2KG-TranslateAnnotationsOfInstanceToDBpediaOrWikidata_gpt-3_5_0.5_3
a397b9456c687cafc4a0f013c370212178088d342495c23b362f5ebecef03a4b,KG2KG-TranslateAnnotationsOfInstanceToDBpediaOrWikidata_gpt_4o_0.5_0
e2426661cc6c1e912597afc3866c41d36d1b4cb8515e5acdefc339ccdbe0d3d3,KG2KG-TranslateAnnotationsOfInstanceToDBpediaOrWikidata_gpt_4o_0.5_1
641da845f43b33ec5458d45b7291c1f4e9028dadb998ad5f6e893dc14011cd10,KG2KG-TranslateAnnotationsOfInstanceToDBpediaOrWikidata_gpt_4o_0.5_1
db83ffb282aa5f38101dfc941b7e0d9d2cd9d642fe6d27f4b251d30fe626af88,KG2KG-TranslateAnnotationsOfInstanceToDBpediaOrWikidata_gpt_4o_0.5_2
58738b4298a1c7e4b4fd541ade07233d791e731b198a2d55902690d0e6dbf67e,KG2KG-TranslateAnnotationsOfInstanceToDBpediaOrWikidata_gpt_4o_0.5_2
a856fe57730ae9de1d0f7e3c130faa571be8b54f02faf7a932026cc230653186,KG2KG-TranslateAnnotationsOfInstanceToDBpediaOrWikidata_gpt_4o_0.5_3
362ce1162dade4436ddc8765f1caf0b950f95a3809b9f6f02ff02fb7d5f06290,KG2KG-TranslateAnnotationsOfInstanceToDBpediaOrWikidata_gpt_4o_0.5_3
73e74918ec127907bb00a2dba8c0cd74c5a989bf830fd5387e55cac97aefd2ed,KG2KG-TranslateAnnotationsOfInstanceToDBpediaOrWikidata_gpt-3_5_1.0_0
9331e5c4fd00c9e9de780bd5ec4011e3c4044ca0f74d12e38fd446fc1d37eae3,KG2KG-TranslateAnnotationsOfInstanceToDBpediaOrWikidata_gpt-3_5_1.0_1
66469a9c4b5adce58e20604e0f3921248e4b9ca015a586f76c50811bf135fe3a,KG2KG-TranslateAnnotationsOfInstanceToDBpediaOrWikidata_gpt-3_5_1.0_1
8cdea5ab4aaa526f4612b1eebfe84a16657f0a56e0cb7dcdb3822f46b9b9521a,KG2KG-TranslateAnnotationsOfInstanceToDBpediaOrWikidata_gpt-3_5_1.0_2
a338e73fee6f8d16cb741c87e09fe0bcc111bdd4cf128ce18e0a56d568ceeb29,KG2KG-TranslateAnnotationsOfInstanceToDBpediaOrWikidata_gpt-3_5_1.0_2
20b6f45e0a46ab98077ba56aa5b577abdd32bbaec47d75cb0bb4def933b04e06,KG2KG-TranslateAnnotationsOfInstanceToDBpediaOrWikidata_gpt-3_5_1.0_3
9da37a59d8be8d70b29ad5446107343354f8841a54384e7fa3d8d070b85eafb3,KG2KG-TranslateAnnotationsOfInstanceToDBpediaOrWikidata_gpt-3_5_1.0_3
38a8118c5ef78f376d80b93fb3369a21cf53eded5195d435f79012e140471f92,KG2KG-TranslateAnnotationsOfInstanceToDBpediaOrWikidata_gpt_4o_1.0_0
b96d145f138ef73f191f0f9b29dfd88e9ba8b1e366946d7fe3f1a2b914843811,KG2KG-TranslateAnnotationsOfInstanceToDBpediaOrWikidata_gpt_4o_1.0_1
568287bf848b1f6449f2d5fa404da6c646ebc88f83111caa1961f39c2f2b329d,KG2KG-TranslateAnnotationsOfInstanceToDBpediaOrWikidata_gpt_4o_1.0_1
474f51bf18cb5cd2ac4cc8dea782e40c815b2bf7ebcb77af4523889a0d989d24,KG2KG-TranslateAnnotationsOfInstanceToDBpediaOrWikidata_gpt_4o_1.0_2
4147f18914c0f5f7d659ad5c2bc918e1852eadc7f5d600972b87b62fa0cf444e,KG2KG-TranslateAnnotationsOfInstanceToDBpediaOrWikidata_gpt_4o_1.0_2
ca307231687038b9a8714ae2daea7c2094f1fa9044efc4fa8be16797dddb32ca,KG2KG-TranslateAnnotationsOfInstanceToDBpediaOrWikidata_gpt_4o_1.0_3
eaa6dcedb4a1fd6ce341165a185fcd709f21ed1ce974f3d3d5dc86a7a4aa8b57,KG2KG-TranslateAnnotationsOfInstanceToDBpediaOrWikidata_gpt_4o_1.0_3
3504ee8ad94a2d7f2e219ea12ecb304e52937e8e97e55133cecb6ceb6e434e77,KG2KG-TranslateAnnotationsOfInstanceToDBpediaOrWikidata_gpt-3_5_1.5_0
a167c7cc823cbc659f53573f05db343b8baa25568bd377a48eeb0f80d8e21b45,KG2KG-TranslateAnnotationsOfInstanceToDBpediaOrWikidata_gpt-3_5_1.5_1
8d1340478e83ba29a76e49f3edb2a9e0a78c07567b81570764d3892a0a612048,KG2KG-TranslateAnnotationsOfInstanceToDBpediaOrWikidata_gpt-3_5_1.5_1
96ac94fb94ebbf2855300089166231676c59eaf11d7cf4ae4b636693b5623727,"KG2KG-TranslateAnnotationsOfInstanceToDBpediaOrWikidata_gpt-3_5_1.5_2, KG2KG-TranslateAnnotationsOfInstanceToDBpediaOrWikidata_gpt_4o_1.25_2"
054d036aab894d4144adca67c71ed7f7b46ecd44c7c4d6f0175852ea30732517,KG2KG-TranslateAnnotationsOfInstanceToDBpediaOrWikidata_gpt-3_5_1.5_2
4fc2add317e31167f18534a3192526ed4b520fb36afaaecdbffb09334c81597e,KG2KG-TranslateAnnotationsOfInstanceToDBpediaOrWikidata_gpt-3_5_1.5_3
aa310c04adf56e19d3c3adf546c98aaca14a26fa3346e350c875df3a0c368aae,KG2KG-TranslateAnnotationsOfInstanceToDBpediaOrWikidata_gpt-3_5_1.5_3
8f40d65dbf846826ac47220aa51373fcd36e1143f018ecf169d9cd36460804ba,KG2KG-TranslateAnnotationsOfInstanceToDBpediaOrWikidata_gpt_4o_1.25_0
bb918c0afb3597be5105245ec921a22f1bd23be27dd12df782837eb00172bfeb,KG2KG-TranslateAnnotationsOfInstanceToDBpediaOrWikidata_gpt_4o_1.25_1
bf75a637ef371440544e1e7eccf85747495bd418c74972ccfbe64653a216f6f7,KG2KG-TranslateAnnotationsOfInstanceToDBpediaOrWikidata_gpt_4o_1.25_1
6ff3634cff238ab2779bb7f57448de1325be2ad1d5cc42bea922a25af58cc359,KG2KG-TranslateAnnotationsOfInstanceToDBpediaOrWikidata_gpt_4o_1.25_2
454adfcda72d219f0256fe91b837423e5695b062e3ba0dda4e228991c5cb2310,KG2KG-TranslateAnnotationsOfInstanceToDBpediaOrWikidata_gpt_4o_1.25_3
996578c8c6d50e50817c4e2e8eba9d24b287aeb5ee6c107e1b1d2675639174a7,KG2KG-TranslateAnnotationsOfInstanceToDBpediaOrWikidata_gpt_4o_1.25_3
9410b939b7a943eeccaf9de6c0cf62a43af380a7a2e923aae3afa104016a128b,KG2KG-TranslateAnnotationsOfInstanceToDBpediaOrWikidata_-_-_-
15d04955bdd0733889c950354971fccb40c424bd222416dee87501b873ba28ad,LD-Shuyo_gpt-3_5_0.5_0
461bf93b9748fd41bfd346b35b1a8256184c3b5b3061f600f1fdffff28f62067,LD-Shuyo_gpt-3_5_0.5_1
4894fa2101504764f6ad704141c7f402d5a7327f46e12da4f3983bd7f5a66695,LD-Shuyo_gpt-3_5_0.5_1
e57c0bed749d76f3526e617279767e606c5b512cd9370693c6d4d7c8a6440548,LD-Shuyo_gpt-3_5_0.5_2
267078e2e0d2abf556b10a9383a7d3d24ed785d99c0cbc433329e20c5f6c8b09,LD-Shuyo_gpt-3_5_0.5_2
35ec39db72c48480a5b93ce8892d7e44f2b59df6626fbf3622b8a1598d4c9a08,LD-Shuyo_gpt-3_5_0.5_3
3fe5004ad9b601061ce4ab82fc09d18cb758b222772cf24ba56fb21cfbb1ff5e,LD-Shuyo_gpt-3_5_0.5_3
0ce5b692ae6747ca387963926f184d7eeb649122e205e18cce98675698b03cad,LD-Shuyo_gpt_4o_0.5_0
14c468ef21675240ab25846dad2d77815886f532b82d9d8d459311b582154b9d,LD-Shuyo_gpt_4o_0.5_1
f855e689cdf08d553c67410eb294b91e50aa926f486a48fff6265d141298fb49,LD-Shuyo_gpt_4o_0.5_1
0f69dbeb71781168c6b9aab0ed46ca8067dcb7639fceaf504d855e67f2efcecd,LD-Shuyo_gpt_4o_0.5_2
f07adea16f64aa2fcc4dec263056a85b0931f01b243c2094419ffc2a56740edc,LD-Shuyo_gpt_4o_0.5_2
7653e90d705030ef8391d7b1e419189a4af02770f7ed18afc0a1258dd9542cdf,LD-Shuyo_gpt_4o_0.5_3
97defc163eab3216505bb592edbbd11ffc8a7d91afdaed09b3e203b88a7653b1,LD-Shuyo_gpt_4o_0.5_3
e624e085f08a8c522e9e8fc807ba43d18d09439ffeac9ffd2a846ad83e34a806,LD-Shuyo_gpt-3_5_1.0_0
b24e9685673bb8d364d6647c9e6304cb547ed7742da8be3f890c2f6ac7b133dd,LD-Shuyo_gpt-3_5_1.0_1
82e6f46ff2dfe0809159f1a68ab68b7e4290f05f230e257681ef00e83252d969,LD-Shuyo_gpt-3_5_1.0_1
f1b9f450f3c48508e2d254c1a25a94e741c2987d9b0c690e8c5d6e7be0f043ea,LD-Shuyo_gpt-3_5_1.0_2
44ee918b77cba38aeb06f66ff5797c263f56c37e664651d3dab7facf7c21424b,LD-Shuyo_gpt-3_5_1.0_2
8b9946c36f44a243052c8ce6ba2234de6474d6c8050d0c0a86b93dd5b401f2d9,LD-Shuyo_gpt-3_5_1.0_3
79b1ed9b335f37c85868c6065cfe274f2e53c98aa1b27b11b4847aeb661592f7,LD-Shuyo_gpt-3_5_1.0_3
c5318ac84c6828141a5c94576930a441975f27d1dbe88c2dbe65f555f0eacb5f,LD-Shuyo_gpt_4o_1.0_0
766ee26bbde65df809fa53d0d31477f8d45916d7ad00860a624b74b29344be83,LD-Shuyo_gpt_4o_1.0_1
986ec80cd7ee9475a50933c583c93bf5271a8b60121bae51a57bf2c8f88e1a61,LD-Shuyo_gpt_4o_1.0_1
36d8092407e8858cbfcc7a0251753adc215ae9880cf92ab2e5ad15e6a3a2f953,LD-Shuyo_gpt_4o_1.0_2
c074a88c2938c007e74d6cd32f13c9502fef20c2d2cff6d2a33e425bdc617c5e,LD-Shuyo_gpt_4o_1.0_2
f95746a0552f0a19f33fc78947cdb4bb920776f18b6a2a467a38976821d09dcd,LD-Shuyo_gpt_4o_1.0_3
1dc6274fd27007a54789d7228c157dc741861bbcd35776e19a1f2b0e64fbc5eb,LD-Shuyo_gpt_4o_1.0_3
4d41f013714f0ed21f5e60737e28d9f4142ea9545c04f1e6d44c3bb3b5a60e92,LD-Shuyo_gpt-3_5_1.5_0
9b980e3315f0b409a5e0ed9f225453c10d386fc4ec40a442e03cfd10858842c0,LD-Shuyo_gpt-3_5_1.5_1
7a3e75ccdd69a7c3d501de8bddd6828d3bfa83d760a8ea7df5a9bf947917683b,LD-Shuyo_gpt-3_5_1.5_1
339ece105a77c9c5ddd42867dc512aa62987be221fa21656207c69fa585fa823,LD-Shuyo_gpt-3_5_1.5_2
532ccfe8a76d36eb954fa6c73d049e46c77d702b9aee4c6bfff98f02edbcc7b3,LD-Shuyo_gpt-3_5_1.5_2
b55a066b5ca60faa2ba25584ac81457be8bacec08316d79e522d8c44e91a8d8a,LD-Shuyo_gpt-3_5_1.5_3
da49ae3f7e97d433142f8068f6680667ff328421630162e14b0f056f06d77f2b,LD-Shuyo_gpt-3_5_1.5_3
cf2419f3011efda4dbb0596f4485c3df85a4cc06453498c27d6ce6aaa4b2ccc7,LD-Shuyo_gpt_4o_1.25_0
a6a24b53e585cc6143d86a84fdd9a0cc2d855c77f29ce27e543c288cc1bed97a,LD-Shuyo_gpt_4o_1.25_1
4c18f79bce25bb87936b00bed253fab2e082a982c6651963ca77a412d1ba64de,LD-Shuyo_gpt_4o_1.25_1
b135a4b4b7bb89230fe9b980d6074687a64f38032f49d182bd8ee0cf84f5c00f,LD-Shuyo_gpt_4o_1.25_2
91fb0f7541bb0a8200772849dd1998d70510015255e57af448ef6f4ee7ff1065,LD-Shuyo_gpt_4o_1.25_2
668c6f4d7fb82f7b83b722234ce489ace89d93fb46492718e0499aef793ac27d,LD-Shuyo_gpt_4o_1.25_3
ab6d7f632b1733ccb32358ab2984487dbb899c3d4add7c6ff1391bd7e9756166,LD-Shuyo_gpt_4o_1.25_3
0035e87b31fc93ad57564e294730adeae9cdfdcb5890a6c86ced73d19503310a,LD-Shuyo_-_-_-
a3359d683ee492e056d01a65c9110635b04df636809d4ff16edf371dcb6f02a7,QB-BirthDataWikidata_gpt-3_5_0.5_0
ae228a65455a2c440f7c54a23b98d69315bcf244cfed11cc16a791500d0ff2df,QB-BirthDataWikidata_gpt-3_5_0.5_1
4f33e77f6acf3227ad16698d2e4745a59962c49b37837e87e877ef122413b3d3,QB-BirthDataWikidata_gpt-3_5_0.5_1
0f7e224672624acd006d73bde5cbef7de4e5d4f75b2cd7f7e4b9697bc96dbd9d,QB-BirthDataWikidata_gpt-3_5_0.5_2
c80d4d25c8672659074d8eb40f68122bfe6251088da315fbd4648f9533d26603,QB-BirthDataWikidata_gpt-3_5_0.5_2
156cf4494c762938761555407832d104ebd54fcd9ad42d3d9d624fff66d93ed3,QB-BirthDataWikidata_gpt-3_5_0.5_3
0e3aa6cbb49a7a4882f89fb968ac2084455dfa9d028a284b49813e019b3f0a66,QB-BirthDataWikidata_gpt-3_5_0.5_3
834519904a11e41801626c7a8717984d3b622a0aab4c0de7ca931a8e56219297,QB-BirthDataWikidata_gpt_4o_0.5_0
777032f683353fd8c6ffe526f21b2e531fb3f69cd4931ad0e91b4e6f1fa05618,QB-BirthDataWikidata_gpt_4o_0.5_1
738dfdec8f568229b1e89087e4b49dad96203285591f134f9e248a23edcc63bb,QB-BirthDataWikidata_gpt_4o_0.5_1
ada833ce0442efedfab6aa8c7030e29d35d62353bcad0d664807b6d1616f9b87,QB-BirthDataWikidata_gpt_4o_0.5_2
3ff82708247413fcfe080e72ceac880e454e2aa20f025c722bbb2245261d9fa0,QB-BirthDataWikidata_gpt_4o_0.5_2
173d55846f265d80c0e73e878c0ea8c2fabfdedd6bbe74788fa0954cc5ec56d1,QB-BirthDataWikidata_gpt_4o_0.5_3
9ea0a0705da7cf39dda919259587f54d03e0f6b126f4a02e1957dacc914987b2,QB-BirthDataWikidata_gpt_4o_0.5_3
02af9996d3b5c5cc17d8839c1944a069e7bb7e2c9c9d6254c14086c133e66672,QB-BirthDataWikidata_gpt-3_5_1.0_0
f9f5ffee93ae61189a31a65eab560b8f4c3ca8a4124c78de1e458596153970f5,QB-BirthDataWikidata_gpt-3_5_1.0_1
56aaaf532ad025ed2d503be094210286d3828122a568e4ba6d728dbea4a7076a,QB-BirthDataWikidata_gpt-3_5_1.0_1
fe2f3f59d0f562fa8c12773fa0866afd36841f332d300c388f8670ae29bc3329,QB-BirthDataWikidata_gpt-3_5_1.0_2
28c6b2a1a8653c85846fc56c3ad81e85e1148987684583e3600cf8eef36efb1a,QB-BirthDataWikidata_gpt-3_5_1.0_2
c11c3bf588110a52b60359045f7b7f54ab2b426cc7f2b8c8e4a0cabf20a08312,QB-BirthDataWikidata_gpt-3_5_1.0_3
199b3a68bc5fc0b717bf620b65a1ee340ff3808515484e17c14c95cfc8c89fd6,QB-BirthDataWikidata_gpt-3_5_1.0_3
fbd9e658a864c83c8ab7857a67451513ae12eca23086dd251e74adbad027a720,QB-BirthDataWikidata_gpt_4o_1.0_0
ebc77ed3ca29a162abcc7db21b61f767e629b6c5760d2bffa34ec94f0c540a41,QB-BirthDataWikidata_gpt_4o_1.0_1
174be8e7a1912dd3e15f2db2392579fb8e98722e1bffc289ae544f34a64c4c71,QB-BirthDataWikidata_gpt_4o_1.0_1
09de841d220e642eb2344334649fe97aee11487086a912671ff9dcaf239720e6,QB-BirthDataWikidata_gpt_4o_1.0_2
4d05f5bc385f530354498bb65aabd31ca9ad52e9b31e03d8b664ee6bb3a5a847,QB-BirthDataWikidata_gpt_4o_1.0_2
29c6b2362369afa7312a6d3033e5a0e0b1e3aa9f91d342575df62f5e8c83b758,QB-BirthDataWikidata_gpt_4o_1.0_3
a7e07d859d836e9571bc3bfb5b222a70375153cfa5f543ae397172f6dd4603a3,QB-BirthDataWikidata_gpt_4o_1.0_3
496de5fae8648f860c2bc8accc99f9871c3d99cbb1f94940af639829d91b9997,QB-BirthDataWikidata_gpt-3_5_1.5_0
3d2b71b2ff6b5a2eee8a0f74366614474f26aa16309740e7c5ba7e1518b1ad07,QB-BirthDataWikidata_gpt-3_5_1.5_1
f930b816619a263bf0c2aa0c0fd21248a61254fe818be33a4d4ebaa499398c83,QB-BirthDataWikidata_gpt-3_5_1.5_1
7cb5959522886ee002894f81b39a64ef0965aa3bc7499b10635976803f4b9e09,QB-BirthDataWikidata_gpt-3_5_1.5_2
26cd6dbff7cea8e73503d0612c41d289575b74f8c2220f5d173920d3b3458b60,QB-BirthDataWikidata_gpt-3_5_1.5_2
daba2e410db84340830cd05bb6dccb0c217abb77000cbe070c06ae00973d31eb,QB-BirthDataWikidata_gpt-3_5_1.5_3
a0806fdf0a5b04ee66b81426fd47a48ae0ced3c6e9f96a0c67531cf8f22399a6,QB-BirthDataWikidata_gpt-3_5_1.5_3
4e3a2d86120c2245e65c3c8bcf5326b2c1515f14b7e7bbf49ed82aaf8dc1f3ac,QB-BirthDataWikidata_gpt_4o_1.25_0
566d1c9bc7d2fc08d4525ed7a22b483417ff84d432ee00e8ea458e91dbdcf100,QB-BirthDataWikidata_gpt_4o_1.25_1
d9f0055aa72988e5da4d994bd368879aeddb00f71d45a869b0104786811e272b,QB-BirthDataWikidata_gpt_4o_1.25_1
12500357917e70d4a4cb2cd78a16d820624b309599623630833e2416e186f1a7,QB-BirthDataWikidata_gpt_4o_1.25_2
b1b877484f867805dddf32229118f0deae0c450f314aaeea32f1399d7a22cb57,QB-BirthDataWikidata_gpt_4o_1.25_2
49abb7548a5da6463eab50b34dadddf196f5550751a33abcb72a0a2846352ef7,QB-BirthDataWikidata_gpt_4o_1.25_3
4097de84474697aa1a87698a5930f178ff749800eaf11a01d540016f5f666f07,QB-BirthDataWikidata_gpt_4o_1.25_3
5261154dee1a383ee28cb552133c5cb18070e749998ca20922a079bf9211d7aa,QB-BirthDataWikidata_-_-_-
eebd62a4d3ac433b11e8c638ec6cb6768bcd34967b7380f6ce8b455138fd1908,QB-KGQAn_gpt-3_5_0.5_0
39bfd3d125ea184ae7f957f21c3d93eb5c8bbfa8323791b849a3d5b35884d5c3,QB-KGQAn_gpt-3_5_0.5_1
ac6acc841005f3386115ba469ad6584d1bf302e0d088686b1411c0c6a37fa0ee,QB-KGQAn_gpt-3_5_0.5_1
b621409a305c5a5627828b4a1070d07bb724330ac4dd68454bd4c0cf6516fad4,QB-KGQAn_gpt-3_5_0.5_2
ffa91d3d0c4bfd73e3e1113e88a3b5642eba525ee8402493fbaa2706553b4214,QB-KGQAn_gpt-3_5_0.5_2
f44d76808a0e7aa2afe7025cba420bca1eaf7c50f6c548f9cf04b97d0fd57c7c,QB-KGQAn_gpt-3_5_0.5_3
624c218cafde882811abe05fa69a3f69f1a4b1c48af3682c337ee1410f878d32,QB-KGQAn_gpt-3_5_0.5_3
5009d2a460323da8b30c1879ee96592cadc4f8c86726ee5ec7f2831f5f54ee3b,QB-KGQAn_gpt_4o_0.5_0
4c117358f98666d70d88e1ad533ca73834a97a8a27d2d4b183f0041bf445d536,QB-KGQAn_gpt_4o_0.5_1
0069d9c3d89521196d5454b1b07a3096735165e828be5d747b0a3ec596c5a532,QB-KGQAn_gpt_4o_0.5_1
f156de4e1069cfe10537c3ce6a5f5c248c56e6f6fb3c34cbf4c00e8774fa8b1b,QB-KGQAn_gpt_4o_0.5_2
93c2a5416ebb630f39131bdbf45446345a88699992f11a15d8faccebe0d00ffd,QB-KGQAn_gpt_4o_0.5_2
eae51bf7fb2b109f78b85f95e9cd44078146ba1dae18d1d97457b2e0835eb5db,QB-KGQAn_gpt_4o_0.5_3
608d0748db07b5dcd7b0efb0303d10ba08a476b26ca725dc5e5e11607d7f4ee9,QB-KGQAn_gpt_4o_0.5_3
3f5a8dcacff64c4052afa14816dd585af671cc7e286d17ae7012c5a3d5482a6d,QB-KGQAn_gpt-3_5_1.0_0
50edd3a956efe1261cd9952696654c414879202725284f29fc98811e5d5c7a38,QB-KGQAn_gpt-3_5_1.0_1
0522a32b92cd1bc916bc63307ef3ee569f670795ed27dbbb2aeb2e3ab0ae875a,QB-KGQAn_gpt-3_5_1.0_1
2dc45588538d2ae7ef17543413d1e2cd8d19006f99de865715fbe6e4261b70ac,QB-KGQAn_gpt-3_5_1.0_2
189fc41fa1bd895aa238f1dd2ca43d3c9be7749a8c0c136730f2d7a3f77ee62b,QB-KGQAn_gpt-3_5_1.0_2
62dc7eeca8c7e24238eded2f4eae5ea5199be88a842fc4800f93c319992bd1c1,QB-KGQAn_gpt-3_5_1.0_3
cb6f4fef27258dd0205fbc275ceeaa8d4d14edb6cc220ab5bcd085000cfe5c51,QB-KGQAn_gpt-3_5_1.0_3
c4aecc749cdc83dedc81f35aa87db621e0d7d857f73741a2014fda86860bceaa,QB-KGQAn_gpt_4o_1.0_0
a1674414bbfac5e1c2606674fcd4bb98e61a079530ce5326581bcb76157d317b,QB-KGQAn_gpt_4o_1.0_1
03cd64b3b1db5b27a176fbc117e8485005da3fca2ed377c8e8a45d4cc052aa79,QB-KGQAn_gpt_4o_1.0_1
02d5fc3e4d8a9d4d86f998e0bf0d9f73bfd39f13beed46aa9dcd656988306785,QB-KGQAn_gpt_4o_1.0_2
de9d31e9de91b3f27f451384e581868722955ac447f7b7de2638a2f6c406b73b,QB-KGQAn_gpt_4o_1.0_2
327dcd999d0bd564cebc358cb292a7027ac2787b18a7ab8898801b3324e4045f,QB-KGQAn_gpt_4o_1.0_3
e28ff9cdc3fedfa32f8271d93e6b541b3a7fcb848e82388dcbdb451417fa8e44,QB-KGQAn_gpt_4o_1.0_3
e903d17229e181aecd1b7a1a77bbcf4ae364dfe2c3b30184742ea90824b134d5,QB-KGQAn_gpt-3_5_1.5_0
22c2548dbb9662ab055358560c535abe5f9684bcdc764e413baa30873812ce9a,QB-KGQAn_gpt-3_5_1.5_1
59d9db3ee6e2897bd9629c20280002684d6ffd56ecf58bbb227c9729e799574b,QB-KGQAn_gpt-3_5_1.5_1
cce76e0ab2dc6cd7964ce5924305ee538f14224f2cf16bca8869c05fc17db76e,QB-KGQAn_gpt-3_5_1.5_2
6351fa20f01879a07524b3a18762e2cc00e23b0e01a875be318f212df3d10499,QB-KGQAn_gpt-3_5_1.5_2
6e6c7efb859758f69528db8b883d45ca6929c8196ee9f76b61e19b9df7dc145a,QB-KGQAn_gpt-3_5_1.5_3
41301d781e8d1284d0947094a21f25298d14393a382c5b6b45a270e7a4498d2d,QB-KGQAn_gpt-3_5_1.5_3
666f00a728de57a14badbd7340d857918917d2be5dcc787b561002786f316d7c,QB-KGQAn_gpt_4o_1.25_0
f0ac07cf85dfe4376322fe677ed3b1b293f49450a7d1da921dd92912cb30b125,QB-KGQAn_gpt_4o_1.25_1
2e95d64ac4572da4957ec54798dd53b0c27f55d44c2eacf8c6e45b886dcf9385,QB-KGQAn_gpt_4o_1.25_1
05ba346467fb0134f77768edcbbd27a8643d22909d1241d8a3d17083b064496c,QB-KGQAn_gpt_4o_1.25_2
d48d1e10c8e59b41f71dee68ebca79279da786c7e7fabd95aff7a63607a0f49a,QB-KGQAn_gpt_4o_1.25_2
31287f6ab0419481c16b4f43194b66e7723b251d119419c1586f7eb8483f0aa0,QB-KGQAn_gpt_4o_1.25_3
dcc3fb95b990591094da514a47ec42bd35e5b29ae134f09daf1b0f292a414a9c,QB-KGQAn_gpt_4o_1.25_3
d8fba43a92a28216e719c192f843757fcf29003136a4ca20a14266f36179a3ae,QB-KGQAn_-_-_-
9f4a2101be0f22dcf5150493532a8afa3ead23fa4c6b59fe9e605eabf3f98ee6,WikidataQueryExecuter_gpt-3_5_0.5_0
fbf62e1e151da7156877351af2c941ba5f6750036b2abb2c0255968bae199ae5,WikidataQueryExecuter_gpt-3_5_0.5_1
9da59eee8ce63e46fe3f874a2c7090002e3dc9334aba77b3aaf27fb752d66c75,WikidataQueryExecuter_gpt-3_5_0.5_1
6ebea116ae34dccf5e14e2e0dd55dc82149d117b7f50abcd71f58d0fcbc050b3,WikidataQueryExecuter_gpt-3_5_0.5_2
5bd56e31d1f15479c9198df9e8bbfb171ca1aa22c947b46aee0c771221b5f765,WikidataQueryExecuter_gpt-3_5_0.5_2
b0bed2e2d9fe4bd17c0a5e55779e9ae5bd83d22b6caed46c6109ded21ccdf0bd,WikidataQueryExecuter_gpt-3_5_0.5_3
4972e5ccb46f91734d891d63313d237405454e2342db65c6bc9e4de7de781e14,WikidataQueryExecuter_gpt-3_5_0.5_3
038043d31ad52e0d7f68a6f0b3a96686f97e834864adbc943b4087b17202d420,WikidataQueryExecuter_gpt_4o_0.5_0
c17db77a9d3c1d18c7601182e7cadac848208956addae54c8923b8d8b11dcb85,WikidataQueryExecuter_gpt_4o_0.5_1
d919d0856eaa0b9e0db30e90f0ddd85cc28b40619afd44a07c37664de8b78e60,WikidataQueryExecuter_gpt_4o_0.5_1
9a8147a40979697fd555d37e601039cefd01ff3c685249bede640e79a6b93452,WikidataQueryExecuter_gpt_4o_0.5_2
c19b72f53048a6d033a9548adfe59c396f069325bbccb8e8c3ae5d8b5a8d26a7,WikidataQueryExecuter_gpt_4o_0.5_2
13680788e9b218eb89f15026d32fe35fae168132a77aff036c3ea40a8728f139,WikidataQueryExecuter_gpt_4o_0.5_3
8b35135f71488cf7a64d7910546d6099af2f77b1d2b8b0c79f1b63fb7c706a17,WikidataQueryExecuter_gpt_4o_0.5_3
e17b7f73db4480c0d6d9cbd30dc8c763936fd2b5f6fc832f254f96021d9fb966,WikidataQueryExecuter_gpt-3_5_1.0_0
9f8260ca2c40a5d84155e05e7179e5a59f7498213c3846568b99201aa2dc877e,WikidataQueryExecuter_gpt-3_5_1.0_1
6202e997404e595e04d5f7806fe829ab78fccc006b845c1981528b71969a908b,WikidataQueryExecuter_gpt-3_5_1.0_1
53aa428d646573f7d4581902bda1eb5a792c470c1383b8eaf12c9ddcb49f06e6,WikidataQueryExecuter_gpt-3_5_1.0_2
3223cf94da054bbf18f835fe3b8c025885275d991f310f9d2179046a4c454c0e,WikidataQueryExecuter_gpt-3_5_1.0_2
5499eeacafed75fdd425f40fe55010e71df457ad2956407775c4cc7e2214b8cd,WikidataQueryExecuter_gpt-3_5_1.0_3
baaeb8d76db713fae346d50006fa1cc72061abc5dbc7544834334367608ae90f,WikidataQueryExecuter_gpt-3_5_1.0_3
66a4c1d587f3d589e367b7399ba7aa7b850d850fdac313443938d4450ff5abbc,WikidataQueryExecuter_gpt_4o_1.0_0
d1b713a7f16ea35a34b7a5ac0d3f977a405d1f8e66347932090967af6fec5130,WikidataQueryExecuter_gpt_4o_1.0_1
fb0c0075479ca8b22667c5da5a672965cb546a18102a48e7965b6966dbbee12c,WikidataQueryExecuter_gpt_4o_1.0_1
11c58c842ca678ce06ed439af2d438a1e2037125bc15a71149d7f5333937e7ea,WikidataQueryExecuter_gpt_4o_1.0_2
9ceaab2c1c30d4d237518ff50bda28bc5eb5b9d807ebd474dc6a01143f1bed03,WikidataQueryExecuter_gpt_4o_1.0_2
4b2eb65900341f346f0c987a374bbfbab76896c1a12ebb1332fc0841cda5606c,WikidataQueryExecuter_gpt_4o_1.0_3
ad22f74b756b1758fe64afb8b622b553259c14cc91c494e3addcaa5786af5e0e,WikidataQueryExecuter_gpt_4o_1.0_3
e88317d57fe0f0823c0fea671bb38dae36f02a8b33bd0e91273f190e542b4807,WikidataQueryExecuter_gpt-3_5_1.5_0
210e9331e74db249bad0ef6a7f11da8baa9a559567a05fd382e6d643b02df177,WikidataQueryExecuter_gpt-3_5_1.5_1
ecccdc55363866b4d95fa5ac1bc17881ea75f5f6b5484531201f0b249fafb1e5,WikidataQueryExecuter_gpt-3_5_1.5_1
8aaa7ae0241d00c293e5d1e54c728ce97168c6c7279fc28fda5d7aa34bd0b536,WikidataQueryExecuter_gpt-3_5_1.5_2
c0bd26ea2eaea9513633bd299f52a24b2e9962dba760f74c33e307737e8ae501,WikidataQueryExecuter_gpt-3_5_1.5_2
75a32cda55e9846135fb8378752f68eb51576cc57658b4bd6a2b3002ad2519ce,WikidataQueryExecuter_gpt-3_5_1.5_3
6908caaf6f6e6ff697950a585ea1066693947ff770c27f876a45c7f729f09340,WikidataQueryExecuter_gpt-3_5_1.5_3
2624f9f3c15d7c0c21f9558a40e86cab7c6851c11bb7f863b155c7e788b13df1,WikidataQueryExecuter_gpt_4o_1.25_0
676b08f75c011984cc8c8bbb7b8aa37593d1b1d089a3186fd246454b7100c22e,WikidataQueryExecuter_gpt_4o_1.25_1
271dcbf569d30720f4e4953c73fcfd46ad26775814f7444c2a385b56fa5bd6f4,WikidataQueryExecuter_gpt_4o_1.25_1
053675112d66620cca09a2ac44832db7a607d128ac07e3dd10e94c45f89443c1,WikidataQueryExecuter_gpt_4o_1.25_2
89936324e40b67debde941b9e5871ff37c08447cf74f02a30cfb2ae92e0dadb6,WikidataQueryExecuter_gpt_4o_1.25_2
0357f51ae8a7372955f8c6eb2047b5df12d4944b820f3a9df651388d032a0086,WikidataQueryExecuter_gpt_4o_1.25_3
7d773ad2eeba90d7067f5115554b152554a0fda61384d1a8c7374c36603975cb,WikidataQueryExecuter_gpt_4o_1.25_3
977edebf62564291726e3b44cc688bec625f7d82bd84ee3d0ef67ea19e6b821d,WikidataQueryExecuter_-_-_-
9631a87a3d2364ea0a9a877b0d45f1cc7b9f5a372a379840e18be45c79914dba,Pipeline_gpt-3_5_0.5_0
51121be566df1678dcf19d034d6ae74d93ed8a669a6f8f551a10426b44741bdd,Pipeline_gpt-3_5_0.5_0
d7cb2dba6fda8aaf4556e2c4a38926cf9b76e347b5b46066f8c000137152a184,Pipeline_gpt-3_5_0.5_1
402f8b9d695085b4249edaa3bd3a75c1a54d22beb623a4998d7ff425b0eef4c0,Pipeline_gpt-3_5_0.5_1
df6f3fc340f3a11a3f2a538eb0d6e63ffbc821c768512ad933de019e71d24ebe,"Pipeline_gpt-3_5_0.5_2, Pipeline_gpt-3_5_0.5_3"
1613519746260cc269c10bda61ecf2607457b92410745dac50aa9dc92b386bf1,"Pipeline_gpt-3_5_0.5_2, Pipeline_gpt-3_5_0.5_3"
fabf68ae00803753a89170a01f493ef87e228a15fa6f1c8f1071eb35514b4a0e,Pipeline_gpt_4o_0.5_0
1710484dc01be71259890b17f815ad0576cd8820373d1462bb3c90919403ebac,Pipeline_gpt_4o_0.5_0
176203401792112ec7a423ccb4b331a0ebaf27d559663a5172a30326c9491703,"Pipeline_gpt_4o_0.5_1, Pipeline_gpt_4o_0.5_2, Pipeline_gpt_4o_0.5_3, Pipeline_gpt_4o_1.0_2, Pipeline_gpt_4o_1.0_3, Pipeline_gpt_4o_1.5_1, Pipeline_gpt_4o_1.5_2, Pipeline_gpt_4o_1.5_3, Pipeline_-_-_-"
873e2f720e465ab08228bbed54cc6ea37b402b31a6841bf4c7967b2d1464147c,Pipeline_gpt_4o_0.5_1
4307cac06595bdc6ada3fb0439e88000ad7144ef5dc6dc9739d45a43262e9037,"Pipeline_gpt_4o_0.5_2, Pipeline_gpt_4o_0.5_3, Pipeline_gpt_4o_1.0_1, Pipeline_gpt_4o_1.0_2, Pipeline_gpt_4o_1.0_3, Pipeline_gpt_4o_1.5_2, Pipeline_-_-_-"
8eb114688a80ca69718e027b951b77133e6960333fec07d5759096114c061f96,Pipeline_gpt-3_5_0.5_0
98f88b63de8817cc1a6b5a21e8695e9b8a84e38ca3e396d32213211635c4e7b7,Pipeline_gpt-3_5_0.5_0
42a8bb4d33e176abc8a8ace85b3ba8174762d7a8599805bb480761eb8c21b5a0,Pipeline_gpt-3_5_1.0_1
da5a755acb0c2e3fd3169879658f5275decacbf68863d3e85d8b8068bfb312ca,Pipeline_gpt-3_5_1.0_1
3c792a2d438f994628450fde818284e15045d07a35710c6f28990867a59005e2,Pipeline_gpt-3_5_1.0_2
ba81c7d7be4692c1283ec8bb8778102784efc208affc0cb51b77529a816cf676,Pipeline_gpt-3_5_1.0_2
5cbda8fede732f6a2db2ba562b9dcaad6dd5b6683cbb221117441ae997a54952,Pipeline_gpt-3_5_1.0_3
9b5066d34e57a9acc3fded8beff201c89b2f9b240107a40a0926f8d037683959,Pipeline_gpt-3_5_1.0_3
e28e336362f567eac33e37fdbb748b600edb211a23ab1d9f4bea92b70d8bf67e,Pipeline_gpt_4o_1.0_0
64ab3e98e902e0e0fdd51655700bfabd0913342fb0974672f56a4bd203dbd9f6,Pipeline_gpt_4o_1.0_0
2923b3dd2f23a3e74d0f357de26ea04fd6374af531770ac4e19dd4be615d944c,Pipeline_gpt_4o_1.0_1
8118af95df9136a46367cb92f19c927149d42f602283a0601ae1a320c77aa182,Pipeline_gpt-3_5_1.5_0
5da7d026f5edd3bb1994f16b4ef205fd2789d26b9d599eac771d49fc31178b4c,Pipeline_gpt-3_5_1.5_0
b304df0beeeb00b69166cc80ee119fff74c729b86b58acfe93270826dae446ef,Pipeline_gpt-3_5_1.5_1
9d1ad39b5bc58b647e3f9c9e94d761a59eea2280d0eea6718a76a37dba93718f,Pipeline_gpt-3_5_1.5_1
410411843a8bf2614a41d13cbaa94ed1a7d8ad376c7e15dfa89b27dd1ee6ea9c,Pipeline_gpt-3_5_1.5_2
7e4099a68500a033b77ec0648f4590ad16eb1ca7a3a641b30013d06300263ad6,Pipeline_gpt-3_5_1.5_2
17c260561c947f4f52cf507db764bd16ec73bf1fc474a1ecb45da1580f151494,Pipeline_gpt-3_5_1.5_3
af3c7cbb82952767380a0f11d262558487f8419b4ea54cf7f2d9c0a8be198e6e,Pipeline_gpt-3_5_1.5_3
5a2bdb83d9d0524c55db33ad62a426ea2adc6213c25e9e4ec641ad821de59929,Pipeline_gpt_4o_1.5_0
6c66d685e5eb6fdc79f3e6607de4792562388bf7a334a8f10980e6b0012f8873,Pipeline_gpt_4o_1.5_0
e627370e27e007b9263092f14adc4280af477718f6039299b6fdbb85198931d9,Pipeline_gpt_4o_1.5_1
23ea123e0598d0f27887d9eae0daee9cbf966376cc7697c79bb1e5bbec590abb,Pipeline_gpt_4o_1.5_3
